date,state,hospitalized
20200709,AK,28
20200708,AK,30
20200707,AK,25
20200706,AK,19
20200705,AK,19
20200704,AK,23
20200703,AK,25
20200702,AK,18
20200701,AK,20
20200630,AK,18
20200629,AK,16
20200628,AK,12
20200627,AK,11
20200626,AK,12
20200625,AK,14
20200624,AK,16
20200623,AK,14
20200622,AK,13
20200621,AK,15
20200620,AK,16
20200619,AK,18
20200618,AK,18
20200617,AK,23
20200616,AK,22
20200615,AK,21
20200614,AK,11
20200613,AK,12
20200612,AK,15
20200611,AK,18
20200610,AK,22
20200609,AK,12
20200608,AK,7
20200607,AK,7
20200606,AK,7
20200605,AK,8
20200604,AK,13
20200603,AK,11
20200602,AK,10
20200601,AK,10
20200531,AK,14
20200530,AK,14
20200529,AK,14
20200528,AK,10
20200527,AK,14
20200526,AK,12
20200525,AK,10
20200524,AK,10
20200523,AK,10
20200522,AK,15
20200521,AK,19
20200520,AK,16
20200519,AK,16
20200518,AK,9
20200517,AK,13
20200516,AK,10
20200515,AK,8
20200514,AK,12
20200513,AK,12
20200512,AK,10
20200511,AK,7
20200510,AK,8
20200509,AK,8
20200508,AK,16
20200507,AK,12
20200506,AK,8
20200505,AK,13
20200504,AK,12
20200503,AK,12
20200502,AK,10
20200501,AK,25
20200430,AK,19
20200429,AK,14
20200428,AK,16
20200427,AK,10
20200426,AK,14
20200425,AK,32
20200424,AK,36
20200423,AK,42
20200422,AK,39
20200421,AK,42
20200420,AK,46
20200419,AK,37
20200418,AK,39
20200709,AL,1125
20200708,AL,1110
20200707,AL,1073
20200706,AL,1016
20200705,AL,885
20200704,AL,800
20200703,AL,812
20200702,AL,843
20200701,AL,797
20200630,AL,776
20200629,AL,715
20200628,AL,655
20200627,AL,655
20200626,AL,658
20200625,AL,693
20200624,AL,667
20200623,AL,680
20200622,AL,658
20200621,AL,593
20200620,AL,628
20200619,AL,674
20200618,AL,663
20200617,AL,677
20200616,AL,678
20200615,AL,546
20200614,AL,540
20200613,AL,622
20200612,AL,622
20200611,AL,647
20200610,AL,629
20200609,AL,600
20200709,AR,394
20200708,AR,358
20200707,AR,369
20200706,AR,337
20200705,AR,285
20200704,AR,285
20200703,AR,285
20200702,AR,272
20200701,AR,275
20200630,AR,290
20200629,AR,300
20200628,AR,278
20200627,AR,284
20200626,AR,284
20200625,AR,284
20200624,AR,267
20200623,AR,248
20200622,AR,237
20200621,AR,240
20200620,AR,224
20200619,AR,224
20200618,AR,226
20200617,AR,217
20200616,AR,214
20200615,AR,206
20200614,AR,204
20200613,AR,203
20200612,AR,203
20200611,AR,187
20200610,AR,181
20200609,AR,173
20200608,AR,171
20200607,AR,145
20200606,AR,154
20200605,AR,147
20200604,AR,138
20200603,AR,132
20200602,AR,121
20200601,AR,115
20200531,AR,115
20200530,AR,104
20200529,AR,104
20200528,AR,104
20200527,AR,108
20200526,AR,107
20200525,AR,92
20200524,AR,86
20200523,AR,81
20200522,AR,86
20200521,AR,78
20200520,AR,78
20200519,AR,78
20200518,AR,77
20200517,AR,65
20200516,AR,65
20200515,AR,65
20200514,AR,64
20200513,AR,59
20200512,AR,59
20200511,AR,61
20200510,AR,64
20200509,AR,64
20200508,AR,70
20200507,AR,69
20200506,AR,69
20200505,AR,89
20200504,AR,91
20200503,AR,100
20200502,AR,95
20200501,AR,95
20200430,AR,95
20200429,AR,93
20200428,AR,104
20200427,AR,109
20200426,AR,104
20200425,AR,104
20200424,AR,101
20200423,AR,101
20200422,AR,97
20200421,AR,86
20200420,AR,93
20200419,AR,88
20200418,AR,86
20200417,AR,83
20200416,AR,85
20200415,AR,83
20200414,AR,81
20200413,AR,74
20200412,AR,74
20200411,AR,86
20200410,AR,86
20200409,AR,73
20200408,AR,76
20200407,AR,74
20200406,AR,74
20200405,AR,67
20200404,AR,72
20200403,AR,71
20200402,AR,66
20200401,AR,56
20200331,AR,64
20200330,AR,62
20200329,AR,43
20200328,AR,48
20200327,AR,48
20200326,AR,41
20200325,AR,22
20200324,AR,22
20200323,AR,13
20200322,AR,13
20200709,AZ,3437
20200708,AZ,3421
20200707,AZ,3356
20200706,AZ,3212
20200705,AZ,3182
20200704,AZ,3113
20200703,AZ,3013
20200702,AZ,2938
20200701,AZ,2876
20200630,AZ,2793
20200629,AZ,2721
20200628,AZ,2691
20200627,AZ,2577
20200626,AZ,2110
20200625,AZ,2453
20200624,AZ,2270
20200623,AZ,2136
20200622,AZ,1992
20200621,AZ,1942
20200620,AZ,1938
20200619,AZ,1832
20200618,AZ,1667
20200617,AZ,1582
20200616,AZ,1506
20200615,AZ,1449
20200614,AZ,1457
20200613,AZ,1412
20200612,AZ,1336
20200611,AZ,1291
20200610,AZ,1274
20200609,AZ,1243
20200608,AZ,1266
20200607,AZ,1252
20200606,AZ,1278
20200605,AZ,1234
20200604,AZ,1079
20200603,AZ,1092
20200602,AZ,1009
20200601,AZ,968
20200531,AZ,973
20200530,AZ,975
20200529,AZ,931
20200528,AZ,945
20200527,AZ,911
20200526,AZ,818
20200525,AZ,833
20200524,AZ,804
20200523,AZ,784
20200522,AZ,796
20200521,AZ,812
20200520,AZ,810
20200519,AZ,792
20200518,AZ,820
20200517,AZ,796
20200516,AZ,791
20200515,AZ,808
20200514,AZ,781
20200513,AZ,755
20200512,AZ,765
20200511,AZ,717
20200510,AZ,713
20200509,AZ,739
20200508,AZ,730
20200507,AZ,766
20200506,AZ,754
20200505,AZ,728
20200504,AZ,703
20200503,AZ,732
20200502,AZ,718
20200501,AZ,709
20200430,AZ,755
20200429,AZ,756
20200428,AZ,737
20200427,AZ,647
20200426,AZ,671
20200425,AZ,697
20200424,AZ,639
20200423,AZ,699
20200422,AZ,664
20200421,AZ,637
20200420,AZ,637
20200419,AZ,631
20200418,AZ,566
20200417,AZ,566
20200416,AZ,578
20200415,AZ,590
20200414,AZ,580
20200413,AZ,525
20200709,CA,7821
20200708,CA,7705
20200707,CA,7499
20200706,CA,7278
20200705,CA,7149
20200704,CA,7092
20200703,CA,7024
20200702,CA,6812
20200701,CA,6612
20200630,CA,6466
20200629,CA,6179
20200628,CA,5956
20200627,CA,5790
20200626,CA,5639
20200625,CA,5522
20200624,CA,5399
20200623,CA,5065
20200622,CA,4804
20200621,CA,4679
20200620,CA,4582
20200619,CA,4587
20200618,CA,4584
20200617,CA,4522
20200616,CA,4462
20200615,CA,4323
20200614,CA,4247
20200613,CA,4411
20200612,CA,4480
20200611,CA,4534
20200610,CA,4719
20200609,CA,4583
20200608,CA,4506
20200607,CA,4525
20200606,CA,4526
20200605,CA,4625
20200604,CA,4455
20200603,CA,4458
20200602,CA,4393
20200601,CA,4258
20200531,CA,4331
20200530,CA,4215
20200529,CA,4414
20200528,CA,4529
20200527,CA,4544
20200526,CA,4404
20200525,CA,4306
20200524,CA,4300
20200523,CA,4342
20200522,CA,4762
20200521,CA,4735
20200520,CA,4681
20200519,CA,4363
20200518,CA,4391
20200517,CA,4291
20200516,CA,4424
20200515,CA,4519
20200514,CA,4655
20200513,CA,4545
20200512,CA,4544
20200511,CA,4549
20200510,CA,4555
20200509,CA,4538
20200508,CA,4514
20200507,CA,4560
20200506,CA,4681
20200505,CA,4622
20200504,CA,4616
20200503,CA,4734
20200502,CA,4722
20200501,CA,4706
20200430,CA,4981
20200429,CA,5011
20200428,CA,4983
20200427,CA,4878
20200426,CA,4928
20200425,CA,4847
20200424,CA,4880
20200423,CA,4929
20200422,CA,4984
20200421,CA,4886
20200420,CA,4674
20200419,CA,4731
20200418,CA,4936
20200417,CA,4892
20200416,CA,5031
20200415,CA,5163
20200414,CA,5163
20200413,CA,3015
20200412,CA,5234
20200411,CA,5236
20200410,CA,2897
20200409,CA,2825
20200408,CA,2714
20200407,CA,2611
20200406,CA,2509
20200405,CA,2398
20200404,CA,2300
20200403,CA,2188
20200402,CA,1922
20200401,CA,1855
20200331,CA,1617
20200330,CA,1432
20200329,CA,1034
20200328,CA,1034
20200327,CA,746
20200709,CO,335
20200708,CO,335
20200707,CO,327
20200706,CO,286
20200705,CO,283
20200704,CO,270
20200703,CO,270
20200702,CO,262
20200701,CO,237
20200630,CO,271
20200629,CO,234
20200628,CO,235
20200627,CO,226
20200626,CO,247
20200625,CO,247
20200624,CO,238
20200623,CO,249
20200622,CO,256
20200621,CO,255
20200620,CO,250
20200619,CO,270
20200618,CO,270
20200617,CO,290
20200616,CO,276
20200615,CO,276
20200614,CO,262
20200613,CO,274
20200612,CO,279
20200611,CO,277
20200610,CO,305
20200609,CO,304
20200608,CO,322
20200607,CO,299
20200606,CO,299
20200605,CO,319
20200604,CO,356
20200603,CO,388
20200602,CO,394
20200601,CO,414
20200531,CO,414
20200530,CO,421
20200529,CO,464
20200528,CO,464
20200527,CO,484
20200526,CO,507
20200525,CO,560
20200524,CO,538
20200523,CO,571
20200522,CO,620
20200521,CO,613
20200520,CO,626
20200519,CO,626
20200518,CO,650
20200517,CO,650
20200516,CO,671
20200515,CO,685
20200514,CO,685
20200513,CO,688
20200512,CO,738
20200511,CO,573
20200510,CO,790
20200509,CO,790
20200508,CO,821
20200507,CO,798
20200506,CO,792
20200505,CO,834
20200504,CO,883
20200503,CO,883
20200502,CO,931
20200501,CO,959
20200430,CO,966
20200429,CO,964
20200428,CO,994
20200427,CO,1007
20200426,CO,1046
20200425,CO,1084
20200424,CO,1084
20200423,CO,859
20200422,CO,851
20200421,CO,861
20200420,CO,874
20200419,CO,874
20200418,CO,843
20200417,CO,858
20200416,CO,859
20200415,CO,878
20200414,CO,888
20200413,CO,842
20200412,CO,822
20200411,CO,841
20200410,CO,842
20200409,CO,848
20200408,CO,833
20200407,CO,786
20200406,CO,786
20200405,CO,783
20200404,CO,777
20200403,CO,739
20200402,CO,698
20200401,CO,574
20200331,CO,503
20200330,CO,358
20200329,CO,332
20200328,CO,307
20200327,CO,278
20200326,CO,230
20200325,CO,152
20200324,CO,116
20200323,CO,74
20200322,CO,56
20200709,CT,90
20200708,CT,88
20200707,CT,83
20200706,CT,69
20200705,CT,95
20200704,CT,95
20200703,CT,95
20200702,CT,101
20200701,CT,100
20200630,CT,98
20200629,CT,99
20200628,CT,103
20200627,CT,106
20200626,CT,127
20200625,CT,122
20200624,CT,124
20200623,CT,138
20200622,CT,140
20200621,CT,149
20200620,CT,150
20200619,CT,172
20200618,CT,176
20200617,CT,186
20200616,CT,201
20200615,CT,203
20200614,CT,205
20200613,CT,233
20200612,CT,244
20200611,CT,246
20200610,CT,270
20200609,CT,293
20200608,CT,324
20200607,CT,333
20200606,CT,333
20200605,CT,350
20200604,CT,373
20200603,CT,406
20200602,CT,434
20200601,CT,454
20200531,CT,481
20200530,CT,533
20200529,CT,577
20200528,CT,648
20200527,CT,684
20200526,CT,694
20200525,CT,706
20200524,CT,701
20200523,CT,724
20200522,CT,740
20200521,CT,816
20200520,CT,887
20200519,CT,914
20200518,CT,920
20200517,CT,937
20200516,CT,994
20200515,CT,1033
20200514,CT,1103
20200513,CT,1158
20200512,CT,1189
20200511,CT,1212
20200510,CT,1242
20200509,CT,1301
20200508,CT,1327
20200507,CT,1385
20200506,CT,1445
20200505,CT,1500
20200504,CT,1488
20200503,CT,1551
20200502,CT,1592
20200501,CT,1592
20200430,CT,1650
20200429,CT,1691
20200428,CT,1732
20200427,CT,1758
20200426,CT,1766
20200425,CT,1810
20200424,CT,1877
20200423,CT,1947
20200422,CT,1972
20200421,CT,1949
20200420,CT,1919
20200419,CT,1938
20200418,CT,1946
20200417,CT,1946
20200416,CT,1926
20200415,CT,1908
20200414,CT,1779
20200413,CT,1760
20200412,CT,1654
20200411,CT,1593
20200410,CT,1562
20200409,CT,1464
20200408,CT,1308
20200407,CT,1308
20200406,CT,1221
20200405,CT,1142
20200404,CT,1033
20200403,CT,909
20200402,CT,827
20200401,CT,766
20200331,CT,608
20200330,CT,517
20200329,CT,404
20200328,CT,173
20200327,CT,173
20200326,CT,125
20200325,CT,113
20200324,CT,71
20200323,CT,54
20200322,CT,43
20200709,DC,92
20200708,DC,86
20200707,DC,90
20200706,DC,88
20200705,DC,87
20200704,DC,95
20200703,DC,110
20200702,DC,120
20200701,DC,119
20200630,DC,126
20200629,DC,121
20200628,DC,126
20200627,DC,136
20200626,DC,147
20200625,DC,157
20200624,DC,167
20200623,DC,171
20200622,DC,155
20200621,DC,168
20200620,DC,177
20200619,DC,184
20200618,DC,189
20200617,DC,197
20200616,DC,192
20200615,DC,191
20200614,DC,186
20200613,DC,197
20200612,DC,212
20200611,DC,238
20200610,DC,245
20200609,DC,255
20200608,DC,268
20200607,DC,285
20200606,DC,276
20200605,DC,273
20200604,DC,276
20200603,DC,285
20200602,DC,295
20200601,DC,302
20200531,DC,295
20200530,DC,317
20200529,DC,338
20200528,DC,343
20200527,DC,349
20200526,DC,353
20200525,DC,331
20200524,DC,324
20200523,DC,324
20200522,DC,342
20200521,DC,336
20200520,DC,336
20200519,DC,375
20200518,DC,374
20200517,DC,369
20200516,DC,382
20200515,DC,393
20200514,DC,397
20200513,DC,423
20200512,DC,416
20200511,DC,416
20200510,DC,447
20200509,DC,447
20200508,DC,447
20200507,DC,447
20200506,DC,447
20200505,DC,447
20200504,DC,447
20200427,DC,402
20200426,DC,402
20200425,DC,402
20200424,DC,402
20200423,DC,402
20200422,DC,402
20200421,DC,402
20200420,DC,402
20200419,DC,313
20200418,DC,313
20200417,DC,313
20200416,DC,313
20200415,DC,313
20200414,DC,295
20200413,DC,295
20200709,DE,63
20200708,DE,57
20200707,DE,56
20200706,DE,54
20200705,DE,53
20200704,DE,54
20200703,DE,57
20200702,DE,67
20200701,DE,68
20200630,DE,64
20200629,DE,72
20200628,DE,78
20200627,DE,83
20200626,DE,78
20200625,DE,93
20200624,DE,85
20200623,DE,91
20200622,DE,89
20200621,DE,79
20200620,DE,75
20200619,DE,75
20200618,DE,79
20200617,DE,83
20200616,DE,87
20200615,DE,88
20200614,DE,93
20200613,DE,93
20200612,DE,100
20200611,DE,109
20200610,DE,108
20200609,DE,108
20200608,DE,113
20200607,DE,103
20200606,DE,117
20200605,DE,128
20200604,DE,142
20200603,DE,153
20200602,DE,157
20200601,DE,159
20200531,DE,160
20200530,DE,174
20200529,DE,183
20200528,DE,192
20200527,DE,196
20200526,DE,201
20200525,DE,205
20200524,DE,211
20200523,DE,210
20200522,DE,221
20200521,DE,220
20200520,DE,220
20200519,DE,236
20200518,DE,240
20200517,DE,229
20200516,DE,250
20200515,DE,269
20200514,DE,273
20200513,DE,282
20200512,DE,276
20200511,DE,275
20200510,DE,285
20200509,DE,288
20200508,DE,289
20200507,DE,285
20200506,DE,299
20200505,DE,284
20200504,DE,281
20200503,DE,284
20200502,DE,300
20200501,DE,281
20200430,DE,296
20200429,DE,326
20200428,DE,337
20200427,DE,325
20200426,DE,317
20200425,DE,300
20200424,DE,277
20200423,DE,290
20200422,DE,269
20200421,DE,263
20200420,DE,256
20200419,DE,249
20200418,DE,224
20200417,DE,224
20200416,DE,209
20200415,DE,208
20200414,DE,204
20200413,DE,201
20200412,DE,190
20200411,DE,190
20200410,DE,181
20200409,DE,201
20200408,DE,147
20200407,DE,147
20200406,DE,101
20200405,DE,101
20200404,DE,95
20200403,DE,63
20200402,DE,56
20200401,DE,51
20200331,DE,57
20200330,DE,45
20200329,DE,33
20200328,DE,31
20200327,DE,15
20200326,DE,13
20200325,DE,11
20200520,FL,472
20200519,FL,472
20200518,FL,472
20200517,FL,472
20200516,FL,472
20200515,FL,472
20200514,FL,472
20200709,GA,2322
20200708,GA,2215
20200707,GA,2096
20200706,GA,1962
20200705,GA,1805
20200704,GA,1726
20200703,GA,1671
20200702,GA,1649
20200701,GA,1570
20200630,GA,1459
20200629,GA,1359
20200628,GA,1236
20200627,GA,1178
20200626,GA,1184
20200625,GA,1135
20200624,GA,1124
20200623,GA,1056
20200622,GA,1000
20200621,GA,944
20200620,GA,944
20200619,GA,937
20200618,GA,921
20200617,GA,881
20200616,GA,875
20200615,GA,865
20200614,GA,829
20200613,GA,810
20200612,GA,836
20200611,GA,842
20200610,GA,817
20200609,GA,834
20200608,GA,819
20200607,GA,783
20200606,GA,788
20200605,GA,790
20200604,GA,807
20200603,GA,815
20200602,GA,828
20200601,GA,841
20200531,GA,853
20200530,GA,850
20200529,GA,889
20200528,GA,903
20200527,GA,907
20200526,GA,854
20200525,GA,892
20200524,GA,848
20200523,GA,848
20200522,GA,889
20200521,GA,959
20200520,GA,959
20200519,GA,986
20200518,GA,1025
20200517,GA,1010
20200516,GA,1005
20200709,IA,168
20200708,IA,165
20200707,IA,165
20200706,IA,151
20200705,IA,141
20200704,IA,134
20200703,IA,146
20200702,IA,145
20200701,IA,149
20200630,IA,133
20200629,IA,119
20200628,IA,118
20200627,IA,131
20200626,IA,141
20200625,IA,137
20200624,IA,140
20200623,IA,163
20200622,IA,169
20200621,IA,170
20200620,IA,182
20200619,IA,197
20200618,IA,188
20200617,IA,188
20200616,IA,193
20200615,IA,197
20200614,IA,203
20200613,IA,200
20200612,IA,225
20200611,IA,242
20200610,IA,245
20200609,IA,255
20200608,IA,265
20200607,IA,269
20200606,IA,299
20200605,IA,299
20200604,IA,310
20200603,IA,314
20200602,IA,327
20200601,IA,339
20200531,IA,341
20200530,IA,368
20200529,IA,376
20200528,IA,383
20200527,IA,393
20200526,IA,379
20200525,IA,377
20200524,IA,363
20200523,IA,362
20200522,IA,362
20200521,IA,376
20200520,IA,381
20200519,IA,383
20200518,IA,382
20200517,IA,376
20200516,IA,387
20200515,IA,387
20200514,IA,405
20200513,IA,388
20200512,IA,385
20200511,IA,394
20200510,IA,413
20200509,IA,402
20200508,IA,407
20200507,IA,417
20200506,IA,414
20200505,IA,407
20200504,IA,389
20200503,IA,378
20200502,IA,353
20200501,IA,345
20200430,IA,335
20200429,IA,323
20200428,IA,304
20200427,IA,300
20200426,IA,286
20200425,IA,293
20200424,IA,278
20200423,IA,282
20200422,IA,272
20200421,IA,214
20200420,IA,214
20200419,IA,198
20200418,IA,193
20200417,IA,183
20200416,IA,175
20200415,IA,171
20200414,IA,163
20200413,IA,142
20200412,IA,129
20200411,IA,118
20200410,IA,125
20200409,IA,122
20200408,IA,122
20200407,IA,104
20200406,IA,99
20200405,IA,91
20200404,IA,85
20200403,IA,80
20200402,IA,74
20200401,IA,63
20200331,IA,61
20200330,IA,51
20200329,IA,51
20200328,IA,46
20200327,IA,32
20200326,IA,31
20200325,IA,23
20200709,ID,91
20200708,ID,50
20200707,ID,50
20200706,ID,75
20200705,ID,75
20200704,ID,75
20200703,ID,42
20200702,ID,42
20200701,ID,42
20200630,ID,42
20200629,ID,42
20200628,ID,42
20200627,ID,35
20200626,ID,44
20200625,ID,41
20200624,ID,31
20200623,ID,34
20200622,ID,36
20200621,ID,41
20200620,ID,33
20200619,ID,28
20200618,ID,23
20200617,ID,27
20200616,ID,23
20200615,ID,21
20200614,ID,25
20200613,ID,25
20200612,ID,18
20200611,ID,26
20200610,ID,20
20200609,ID,23
20200608,ID,29
20200607,ID,33
20200606,ID,24
20200605,ID,28
20200604,ID,27
20200603,ID,32
20200602,ID,35
20200601,ID,30
20200531,ID,34
20200530,ID,36
20200529,ID,34
20200528,ID,35
20200527,ID,29
20200526,ID,28
20200525,ID,17
20200524,ID,27
20200523,ID,26
20200522,ID,23
20200521,ID,28
20200520,ID,31
20200519,ID,28
20200518,ID,33
20200517,ID,32
20200516,ID,23
20200515,ID,29
20200514,ID,21
20200513,ID,21
20200512,ID,25
20200511,ID,31
20200510,ID,25
20200509,ID,19
20200508,ID,16
20200507,ID,22
20200506,ID,22
20200505,ID,45
20200504,ID,31
20200503,ID,27
20200502,ID,24
20200501,ID,32
20200430,ID,38
20200429,ID,41
20200428,ID,44
20200427,ID,41
20200426,ID,44
20200425,ID,41
20200424,ID,34
20200423,ID,56
20200422,ID,56
20200421,ID,71
20200420,ID,54
20200419,ID,44
20200418,ID,54
20200417,ID,59
20200416,ID,71
20200415,ID,67
20200414,ID,60
20200413,ID,62
20200412,ID,63
20200411,ID,61
20200410,ID,67
20200409,ID,70
20200408,ID,62
20200407,ID,67
20200406,ID,62
20200405,ID,51
20200404,ID,53
20200403,ID,45
20200402,ID,49
20200401,ID,49
20200331,ID,45
20200330,ID,42
20200329,ID,35
20200328,ID,38
20200327,ID,31
20200326,ID,34
20200709,IL,1507
20200708,IL,1385
20200707,IL,1385
20200706,IL,1395
20200705,IL,1326
20200704,IL,1346
20200703,IL,1349
20200702,IL,1651
20200701,IL,1511
20200630,IL,1560
20200629,IL,1501
20200628,IL,1464
20200627,IL,1516
20200626,IL,1516
20200625,IL,1626
20200624,IL,1614
20200623,IL,1648
20200622,IL,1628
20200621,IL,1631
20200620,IL,1696
20200619,IL,1837
20200618,IL,1878
20200617,IL,1878
20200616,IL,1939
20200615,IL,1961
20200614,IL,1914
20200613,IL,2117
20200612,IL,2209
20200611,IL,2365
20200610,IL,2458
20200609,IL,2573
20200608,IL,2496
20200607,IL,2550
20200606,IL,2702
20200605,IL,2911
20200604,IL,3044
20200603,IL,3173
20200602,IL,3238
20200601,IL,3215
20200531,IL,3296
20200530,IL,3336
20200529,IL,3599
20200528,IL,3649
20200527,IL,3826
20200526,IL,3788
20200525,IL,3762
20200524,IL,3667
20200523,IL,3753
20200522,IL,3928
20200521,IL,4107
20200520,IL,3914
20200519,IL,4002
20200518,IL,4120
20200517,IL,4190
20200516,IL,4306
20200515,IL,4367
20200514,IL,4473
20200513,IL,4563
20200512,IL,4626
20200511,IL,4319
20200510,IL,4293
20200509,IL,4739
20200508,IL,4750
20200507,IL,4862
20200506,IL,4832
20200505,IL,4780
20200504,IL,4493
20200503,IL,4701
20200502,IL,4717
20200501,IL,4900
20200430,IL,4953
20200429,IL,5036
20200428,IL,4738
20200427,IL,4672
20200426,IL,4595
20200425,IL,4699
20200424,IL,4828
20200423,IL,4877
20200422,IL,4665
20200421,IL,4776
20200420,IL,4599
20200419,IL,4314
20200418,IL,4340
20200417,IL,4454
20200416,IL,4423
20200415,IL,4283
20200414,IL,4283
20200413,IL,3680
20200412,IL,3680
20200411,IL,3680
20200410,IL,3680
20200409,IL,3680
20200408,IL,3680
20200407,IL,3680
20200709,IN,686
20200708,IN,667
20200707,IN,655
20200706,IN,613
20200705,IN,632
20200704,IN,632
20200703,IN,633
20200702,IN,644
20200701,IN,668
20200630,IN,695
20200629,IN,626
20200628,IN,617
20200627,IN,595
20200626,IN,692
20200625,IN,723
20200624,IN,701
20200623,IN,736
20200622,IN,756
20200621,IN,744
20200620,IN,768
20200619,IN,773
20200618,IN,754
20200617,IN,789
20200616,IN,860
20200615,IN,882
20200614,IN,869
20200613,IN,871
20200612,IN,906
20200611,IN,887
20200610,IN,894
20200609,IN,853
20200608,IN,902
20200607,IN,913
20200606,IN,926
20200605,IN,924
20200604,IN,979
20200603,IN,1017
20200602,IN,961
20200601,IN,1041
20200531,IN,1050
20200530,IN,1149
20200529,IN,1149
20200528,IN,1131
20200527,IN,1122
20200526,IN,1088
20200525,IN,1102
20200524,IN,1112
20200523,IN,1138
20200522,IN,1203
20200521,IN,1166
20200520,IN,1288
20200519,IN,1268
20200518,IN,1244
20200517,IN,1246
20200516,IN,1274
20200515,IN,1294
20200514,IN,1381
20200513,IN,1336
20200512,IN,1283
20200511,IN,1346
20200510,IN,1328
20200509,IN,1361
20200508,IN,1379
20200507,IN,1457
20200506,IN,1558
20200505,IN,1537
20200504,IN,1449
20200503,IN,1398
20200502,IN,1456
20200501,IN,1431
20200430,IN,1466
20200429,IN,1484
20200428,IN,1518
20200427,IN,1493
20200426,IN,1446
20200425,IN,1515
20200709,KY,457
20200708,KY,453
20200707,KY,421
20200706,KY,433
20200705,KY,455
20200704,KY,455
20200703,KY,455
20200702,KY,430
20200701,KY,427
20200630,KY,408
20200629,KY,381
20200628,KY,386
20200627,KY,387
20200626,KY,387
20200625,KY,377
20200624,KY,335
20200623,KY,376
20200622,KY,349
20200621,KY,354
20200620,KY,354
20200619,KY,339
20200618,KY,400
20200617,KY,416
20200616,KY,395
20200615,KY,383
20200614,KY,410
20200613,KY,410
20200612,KY,514
20200611,KY,514
20200610,KY,508
20200609,KY,525
20200608,KY,486
20200607,KY,495
20200606,KY,495
20200605,KY,505
20200604,KY,518
20200603,KY,488
20200602,KY,481
20200601,KY,457
20200531,KY,480
20200530,KY,499
20200529,KY,494
20200528,KY,512
20200527,KY,489
20200526,KY,484
20200525,KY,484
20200524,KY,484
20200523,KY,477
20200522,KY,475
20200521,KY,474
20200520,KY,443
20200519,KY,447
20200518,KY,381
20200517,KY,381
20200516,KY,381
20200515,KY,385
20200514,KY,377
20200513,KY,379
20200512,KY,383
20200511,KY,394
20200510,KY,394
20200509,KY,369
20200508,KY,356
20200507,KY,351
20200506,KY,347
20200505,KY,333
20200504,KY,329
20200503,KY,334
20200502,KY,334
20200501,KY,330
20200430,KY,325
20200429,KY,320
20200428,KY,313
20200427,KY,308
20200426,KY,301
20200425,KY,303
20200424,KY,302
20200423,KY,301
20200422,KY,286
20200421,KY,263
20200420,KY,274
20200419,KY,274
20200418,KY,360
20200417,KY,477
20200416,KY,412
20200415,KY,305
20200414,KY,299
20200413,KY,289
20200412,KY,271
20200411,KY,271
20200410,KY,271
20200709,LA,1042
20200708,LA,1022
20200707,LA,1025
20200706,LA,964
20200705,LA,926
20200704,LA,852
20200703,LA,852
20200702,LA,840
20200701,LA,799
20200630,LA,781
20200629,LA,737
20200628,LA,715
20200627,LA,700
20200626,LA,700
20200625,LA,653
20200624,LA,631
20200623,LA,646
20200622,LA,630
20200621,LA,589
20200620,LA,574
20200619,LA,561
20200618,LA,585
20200617,LA,585
20200616,LA,588
20200615,LA,568
20200614,LA,556
20200613,LA,542
20200612,LA,549
20200611,LA,553
20200610,LA,549
20200609,LA,568
20200608,LA,582
20200607,LA,575
20200606,LA,582
20200605,LA,604
20200604,LA,613
20200603,LA,617
20200602,LA,639
20200601,LA,661
20200531,LA,678
20200530,LA,674
20200529,LA,714
20200528,LA,761
20200527,LA,798
20200526,LA,831
20200525,LA,847
20200524,LA,813
20200523,LA,836
20200522,LA,867
20200521,LA,884
20200520,LA,931
20200519,LA,1004
20200518,LA,1031
20200517,LA,1019
20200516,LA,1028
20200515,LA,1091
20200514,LA,1193
20200513,LA,1194
20200512,LA,1320
20200511,LA,1310
20200510,LA,1324
20200509,LA,1333
20200508,LA,1359
20200507,LA,1432
20200506,LA,1465
20200505,LA,1512
20200504,LA,1502
20200503,LA,1530
20200502,LA,1545
20200501,LA,1607
20200430,LA,1601
20200429,LA,1629
20200428,LA,1666
20200427,LA,1683
20200426,LA,1701
20200425,LA,1700
20200424,LA,1697
20200423,LA,1727
20200422,LA,1747
20200421,LA,1798
20200420,LA,1794
20200419,LA,1748
20200418,LA,1761
20200417,LA,1868
20200416,LA,1914
20200415,LA,1943
20200414,LA,1977
20200413,LA,2134
20200412,LA,2084
20200411,LA,2067
20200410,LA,2054
20200409,LA,2014
20200408,LA,1983
20200407,LA,1996
20200406,LA,1981
20200405,LA,1803
20200404,LA,1726
20200403,LA,1707
20200402,LA,1639
20200401,LA,1498
20200331,LA,1355
20200330,LA,1185
20200329,LA,1127
20200328,LA,927
20200327,LA,773
20200326,LA,676
20200325,LA,491
20200324,LA,271
20200709,MA,635
20200708,MA,662
20200707,MA,621
20200706,MA,603
20200705,MA,636
20200704,MA,640
20200703,MA,656
20200702,MA,681
20200701,MA,760
20200630,MA,733
20200629,MA,762
20200628,MA,748
20200627,MA,769
20200626,MA,791
20200625,MA,822
20200624,MA,939
20200623,MA,953
20200622,MA,920
20200621,MA,927
20200620,MA,964
20200619,MA,994
20200618,MA,968
20200617,MA,998
20200616,MA,1045
20200615,MA,1026
20200614,MA,1039
20200613,MA,1069
20200612,MA,1143
20200611,MA,1260
20200610,MA,1345
20200609,MA,1397
20200608,MA,1415
20200607,MA,1442
20200606,MA,1529
20200605,MA,1533
20200604,MA,1637
20200603,MA,1684
20200602,MA,1657
20200601,MA,1747
20200531,MA,1824
20200530,MA,1904
20200529,MA,1991
20200528,MA,2112
20200527,MA,2106
20200526,MA,2108
20200525,MA,2132
20200524,MA,2169
20200523,MA,2237
20200522,MA,2323
20200521,MA,2396
20200520,MA,2518
20200519,MA,2472
20200518,MA,2533
20200517,MA,2597
20200516,MA,2692
20200515,MA,2767
20200514,MA,2859
20200513,MA,3101
20200512,MA,3127
20200511,MA,3102
20200510,MA,3128
20200509,MA,3229
20200508,MA,3349
20200507,MA,3436
20200506,MA,3564
20200505,MA,3542
20200504,MA,3539
20200503,MA,3617
20200502,MA,3601
20200501,MA,3716
20200430,MA,3803
20200429,MA,3856
20200428,MA,3875
20200427,MA,3892
20200426,MA,3879
20200425,MA,3879
20200424,MA,3847
20200423,MA,3851
20200422,MA,3890
20200421,MA,3977
20200420,MA,3872
20200419,MA,3789
20200418,MA,3728
20200417,MA,3756
20200416,MA,3726
20200415,MA,3637
20200414,MA,3616
20200413,MA,3485
20200412,MA,2514
20200411,MA,2507
20200410,MA,2435
20200409,MA,2302
20200408,MA,2119
20200407,MA,1831
20200406,MA,1667
20200405,MA,1632
20200404,MA,1370
20200709,MD,406
20200708,MD,398
20200707,MD,404
20200706,MD,403
20200705,MD,409
20200704,MD,410
20200703,MD,422
20200702,MD,441
20200701,MD,461
20200630,MD,452
20200629,MD,447
20200628,MD,446
20200627,MD,478
20200626,MD,487
20200625,MD,511
20200624,MD,544
20200623,MD,561
20200622,MD,602
20200621,MD,608
20200620,MD,644
20200619,MD,648
20200618,MD,660
20200617,MD,702
20200616,MD,742
20200615,MD,745
20200614,MD,751
20200613,MD,799
20200612,MD,836
20200611,MD,902
20200610,MD,955
20200609,MD,970
20200608,MD,979
20200607,MD,1003
20200606,MD,1059
20200605,MD,1076
20200604,MD,1096
20200603,MD,1109
20200602,MD,1148
20200601,MD,1174
20200531,MD,1183
20200530,MD,1239
20200529,MD,1296
20200528,MD,1334
20200527,MD,1338
20200526,MD,1315
20200525,MD,1279
20200524,MD,1290
20200523,MD,1320
20200522,MD,1329
20200521,MD,1374
20200520,MD,1410
20200519,MD,1421
20200518,MD,1447
20200517,MD,1460
20200516,MD,1500
20200515,MD,1496
20200514,MD,1538
20200513,MD,1550
20200512,MD,1563
20200511,MD,1544
20200510,MD,1640
20200509,MD,1665
20200508,MD,1674
20200507,MD,1683
20200506,MD,1707
20200505,MD,1693
20200504,MD,1649
20200503,MD,1635
20200502,MD,1657
20200501,MD,1668
20200430,MD,1711
20200429,MD,1610
20200428,MD,1528
20200427,MD,1513
20200426,MD,1463
20200425,MD,1408
20200424,MD,1425
20200423,MD,1405
20200422,MD,1432
20200421,MD,1433
20200709,ME,16
20200708,ME,22
20200707,ME,22
20200706,ME,21
20200705,ME,25
20200704,ME,27
20200703,ME,27
20200702,ME,30
20200701,ME,29
20200630,ME,29
20200629,ME,31
20200628,ME,31
20200627,ME,24
20200626,ME,28
20200625,ME,25
20200624,ME,26
20200623,ME,24
20200622,ME,27
20200621,ME,26
20200620,ME,29
20200619,ME,26
20200618,ME,27
20200617,ME,27
20200616,ME,30
20200615,ME,31
20200614,ME,29
20200613,ME,29
20200612,ME,32
20200611,ME,29
20200610,ME,27
20200609,ME,29
20200608,ME,37
20200607,ME,34
20200606,ME,35
20200605,ME,35
20200604,ME,35
20200603,ME,44
20200602,ME,48
20200601,ME,52
20200531,ME,49
20200530,ME,46
20200529,ME,53
20200528,ME,58
20200527,ME,59
20200526,ME,60
20200525,ME,59
20200524,ME,59
20200523,ME,50
20200522,ME,45
20200521,ME,41
20200520,ME,43
20200519,ME,44
20200518,ME,42
20200517,ME,37
20200516,ME,37
20200515,ME,35
20200514,ME,37
20200513,ME,41
20200512,ME,34
20200511,ME,37
20200510,ME,36
20200509,ME,43
20200508,ME,44
20200507,ME,39
20200506,ME,37
20200505,ME,36
20200504,ME,37
20200503,ME,33
20200502,ME,36
20200501,ME,37
20200430,ME,35
20200429,ME,32
20200428,ME,33
20200427,ME,39
20200426,ME,39
20200425,ME,39
20200424,ME,39
20200423,ME,42
20200422,ME,42
20200421,ME,40
20200420,ME,39
20200419,ME,46
20200418,ME,49
20200417,ME,55
20200416,ME,47
20200415,ME,48
20200414,ME,58
20200413,ME,22
20200709,MI,505
20200708,MI,505
20200707,MI,505
20200706,MI,505
20200705,MI,548
20200704,MI,548
20200703,MI,548
20200702,MI,548
20200701,MI,471
20200630,MI,471
20200629,MI,557
20200628,MI,557
20200627,MI,557
20200626,MI,557
20200625,MI,557
20200624,MI,557
20200623,MI,557
20200622,MI,557
20200621,MI,324
20200620,MI,557
20200619,MI,557
20200618,MI,557
20200617,MI,562
20200616,MI,562
20200615,MI,562
20200614,MI,636
20200613,MI,636
20200612,MI,636
20200611,MI,661
20200610,MI,661
20200609,MI,661
20200608,MI,661
20200607,MI,864
20200606,MI,864
20200605,MI,617
20200604,MI,617
20200603,MI,646
20200602,MI,674
20200601,MI,674
20200531,MI,774
20200530,MI,774
20200529,MI,774
20200528,MI,860
20200527,MI,882
20200526,MI,953
20200525,MI,953
20200524,MI,953
20200523,MI,953
20200522,MI,955
20200521,MI,1054
20200520,MI,1066
20200519,MI,1079
20200518,MI,1075
20200517,MI,1114
20200516,MI,1256
20200515,MI,1256
20200514,MI,1330
20200513,MI,1384
20200512,MI,1384
20200511,MI,1424
20200510,MI,1437
20200509,MI,1531
20200508,MI,1637
20200507,MI,1697
20200506,MI,1818
20200505,MI,1948
20200504,MI,1948
20200503,MI,2100
20200502,MI,2100
20200501,MI,2319
20200430,MI,2319
20200429,MI,2498
20200428,MI,2623
20200427,MI,2667
20200426,MI,2757
20200425,MI,2889
20200424,MI,3022
20200423,MI,3611
20200422,MI,3305
20200421,MI,3357
20200420,MI,3374
20200419,MI,3403
20200418,MI,3634
20200417,MI,3674
20200416,MI,3809
20200415,MI,3918
20200414,MI,3910
20200413,MI,3986
20200412,MI,3636
20200411,MI,3636
20200410,MI,3823
20200409,MI,3826
20200709,MN,251
20200708,MN,265
20200707,MN,267
20200706,MN,258
20200705,MN,253
20200704,MN,270
20200703,MN,270
20200702,MN,274
20200701,MN,260
20200630,MN,270
20200629,MN,278
20200628,MN,288
20200627,MN,300
20200626,MN,335
20200625,MN,336
20200624,MN,340
20200623,MN,339
20200622,MN,332
20200621,MN,322
20200620,MN,324
20200619,MN,339
20200618,MN,345
20200617,MN,351
20200616,MN,357
20200615,MN,353
20200614,MN,369
20200613,MN,390
20200612,MN,403
20200611,MN,411
20200610,MN,427
20200609,MN,455
20200608,MN,452
20200607,MN,450
20200606,MN,473
20200605,MN,478
20200604,MN,512
20200603,MN,537
20200602,MN,537
20200601,MN,549
20200531,MN,555
20200530,MN,589
20200529,MN,592
20200528,MN,606
20200527,MN,598
20200526,MN,570
20200525,MN,605
20200524,MN,553
20200523,MN,568
20200522,MN,534
20200521,MN,566
20200520,MN,550
20200519,MN,545
20200518,MN,488
20200517,MN,487
20200516,MN,493
20200515,MN,498
20200514,MN,498
20200513,MN,494
20200512,MN,496
20200511,MN,452
20200510,MN,434
20200509,MN,476
20200508,MN,473
20200507,MN,435
20200506,MN,443
20200505,MN,434
20200504,MN,396
20200503,MN,373
20200502,MN,389
20200501,MN,369
20200430,MN,365
20200429,MN,320
20200428,MN,314
20200427,MN,292
20200426,MN,285
20200425,MN,288
20200424,MN,278
20200423,MN,268
20200422,MN,240
20200421,MN,237
20200420,MN,237
20200419,MN,228
20200418,MN,239
20200417,MN,223
20200416,MN,213
20200415,MN,197
20200414,MN,177
20200413,MN,157
20200412,MN,157
20200411,MN,145
20200410,MN,143
20200409,MN,145
20200408,MN,135
20200407,MN,120
20200406,MN,115
20200405,MN,106
20200404,MN,95
20200403,MN,86
20200402,MN,75
20200401,MN,54
20200331,MN,56
20200330,MN,56
20200329,MN,39
20200328,MN,30
20200327,MN,34
20200326,MN,31
20200325,MN,26
20200709,MO,811
20200708,MO,694
20200707,MO,676
20200706,MO,740
20200705,MO,739
20200704,MO,740
20200703,MO,716
20200702,MO,716
20200701,MO,592
20200630,MO,599
20200629,MO,599
20200628,MO,412
20200627,MO,680
20200626,MO,600
20200625,MO,546
20200624,MO,546
20200623,MO,595
20200622,MO,415
20200621,MO,415
20200620,MO,415
20200619,MO,594
20200618,MO,533
20200617,MO,533
20200616,MO,524
20200615,MO,612
20200614,MO,647
20200613,MO,595
20200612,MO,593
20200611,MO,537
20200610,MO,533
20200609,MO,533
20200608,MO,611
20200607,MO,657
20200606,MO,666
20200605,MO,666
20200604,MO,599
20200603,MO,571
20200602,MO,693
20200601,MO,693
20200531,MO,718
20200530,MO,679
20200529,MO,650
20200528,MO,648
20200527,MO,644
20200526,MO,500
20200525,MO,729
20200524,MO,742
20200523,MO,742
20200522,MO,711
20200521,MO,697
20200520,MO,546
20200519,MO,721
20200518,MO,570
20200517,MO,775
20200516,MO,775
20200515,MO,812
20200514,MO,796
20200513,MO,771
20200512,MO,787
20200511,MO,824
20200510,MO,824
20200509,MO,855
20200508,MO,832
20200507,MO,917
20200506,MO,953
20200505,MO,893
20200504,MO,858
20200503,MO,896
20200502,MO,896
20200501,MO,883
20200430,MO,853
20200429,MO,891
20200428,MO,655
20200427,MO,679
20200426,MO,679
20200425,MO,850
20200424,MO,877
20200423,MO,884
20200422,MO,1001
20200421,MO,1001
20200420,MO,873
20200419,MO,875
20200418,MO,875
20200417,MO,1043
20200416,MO,1043
20200415,MO,1024
20200414,MO,1041
20200413,MO,988
20200412,MO,988
20200411,MO,506
20200410,MO,568
20200409,MO,568
20200408,MO,519
20200407,MO,508
20200406,MO,439
20200405,MO,424
20200404,MO,413
20200709,MS,941
20200708,MS,883
20200707,MS,885
20200706,MS,825
20200705,MS,872
20200704,MS,872
20200703,MS,863
20200702,MS,863
20200701,MS,786
20200630,MS,779
20200629,MS,719
20200628,MS,676
20200627,MS,731
20200626,MS,769
20200625,MS,755
20200624,MS,767
20200623,MS,664
20200622,MS,710
20200621,MS,689
20200620,MS,465
20200619,MS,661
20200618,MS,668
20200617,MS,668
20200616,MS,668
20200615,MS,661
20200614,MS,667
20200613,MS,684
20200612,MS,710
20200611,MS,655
20200610,MS,655
20200609,MS,598
20200608,MS,598
20200607,MS,585
20200606,MS,604
20200605,MS,604
20200604,MS,633
20200603,MS,602
20200602,MS,584
20200601,MS,584
20200531,MS,570
20200530,MS,593
20200529,MS,584
20200528,MS,594
20200527,MS,547
20200526,MS,561
20200525,MS,566
20200524,MS,512
20200523,MS,590
20200522,MS,557
20200521,MS,638
20200520,MS,644
20200519,MS,611
20200518,MS,559
20200517,MS,608
20200516,MS,641
20200515,MS,573
20200514,MS,589
20200513,MS,604
20200512,MS,604
20200511,MS,507
20200510,MS,645
20200509,MS,607
20200508,MS,632
20200507,MS,650
20200506,MS,618
20200505,MS,645
20200504,MS,646
20200503,MS,667
20200502,MS,632
20200501,MS,651
20200430,MS,639
20200429,MS,677
20200428,MS,639
20200427,MS,590
20200426,MS,644
20200425,MS,649
20200424,MS,586
20200423,MS,595
20200422,MS,628
20200421,MS,548
20200420,MS,548
20200709,MT,24
20200708,MT,22
20200707,MT,22
20200706,MT,20
20200705,MT,20
20200704,MT,20
20200703,MT,17
20200702,MT,14
20200701,MT,14
20200630,MT,12
20200629,MT,13
20200628,MT,11
20200627,MT,9
20200626,MT,14
20200625,MT,15
20200624,MT,17
20200623,MT,15
20200622,MT,15
20200621,MT,15
20200620,MT,10
20200619,MT,9
20200618,MT,8
20200617,MT,5
20200616,MT,8
20200615,MT,7
20200614,MT,6
20200613,MT,7
20200612,MT,7
20200611,MT,7
20200610,MT,7
20200609,MT,5
20200608,MT,2
20200607,MT,2
20200606,MT,1
20200605,MT,1
20200604,MT,1
20200603,MT,1
20200602,MT,1
20200601,MT,2
20200531,MT,2
20200530,MT,2
20200529,MT,2
20200528,MT,1
20200527,MT,2
20200526,MT,2
20200525,MT,3
20200524,MT,3
20200523,MT,3
20200522,MT,3
20200521,MT,3
20200520,MT,3
20200519,MT,5
20200518,MT,4
20200517,MT,3
20200516,MT,3
20200515,MT,3
20200514,MT,3
20200513,MT,3
20200512,MT,4
20200511,MT,4
20200510,MT,4
20200509,MT,4
20200508,MT,6
20200507,MT,6
20200506,MT,6
20200505,MT,6
20200504,MT,6
20200503,MT,5
20200502,MT,5
20200501,MT,5
20200430,MT,5
20200429,MT,5
20200428,MT,10
20200427,MT,11
20200426,MT,11
20200425,MT,11
20200424,MT,12
20200423,MT,13
20200422,MT,13
20200421,MT,14
20200420,MT,19
20200419,MT,18
20200418,MT,17
20200417,MT,21
20200416,MT,21
20200415,MT,21
20200414,MT,24
20200413,MT,21
20200412,MT,22
20200411,MT,21
20200410,MT,29
20200409,MT,13
20200709,NC,1034
20200708,NC,994
20200707,NC,989
20200706,NC,982
20200705,NC,949
20200704,NC,945
20200703,NC,951
20200702,NC,912
20200701,NC,901
20200630,NC,908
20200629,NC,843
20200628,NC,890
20200627,NC,888
20200626,NC,892
20200625,NC,891
20200624,NC,906
20200623,NC,915
20200622,NC,870
20200621,NC,845
20200620,NC,883
20200619,NC,871
20200618,NC,857
20200617,NC,846
20200616,NC,829
20200615,NC,797
20200614,NC,798
20200613,NC,823
20200612,NC,760
20200611,NC,812
20200610,NC,780
20200609,NC,774
20200608,NC,739
20200607,NC,696
20200606,NC,708
20200605,NC,717
20200604,NC,659
20200603,NC,684
20200602,NC,716
20200601,NC,650
20200531,NC,649
20200530,NC,638
20200529,NC,680
20200528,NC,708
20200527,NC,702
20200526,NC,621
20200525,NC,627
20200524,NC,587
20200523,NC,589
20200522,NC,568
20200521,NC,578
20200520,NC,554
20200519,NC,585
20200518,NC,511
20200517,NC,493
20200516,NC,481
20200515,NC,492
20200514,NC,507
20200513,NC,521
20200512,NC,475
20200511,NC,464
20200510,NC,442
20200509,NC,513
20200508,NC,515
20200507,NC,525
20200506,NC,516
20200505,NC,534
20200504,NC,498
20200503,NC,475
20200502,NC,502
20200501,NC,547
20200430,NC,546
20200429,NC,551
20200428,NC,463
20200427,NC,473
20200426,NC,451
20200425,NC,456
20200424,NC,477
20200423,NC,486
20200422,NC,434
20200421,NC,427
20200420,NC,373
20200419,NC,465
20200418,NC,388
20200417,NC,429
20200416,NC,452
20200415,NC,431
20200414,NC,418
20200413,NC,313
20200412,NC,331
20200411,NC,362
20200410,NC,423
20200409,NC,398
20200408,NC,386
20200407,NC,354
20200406,NC,270
20200405,NC,261
20200404,NC,271
20200403,NC,184
20200402,NC,184
20200401,NC,204
20200331,NC,157
20200330,NC,137
20200329,NC,91
20200328,NC,87
20200327,NC,77
20200326,NC,29
20200325,NC,29
20200709,ND,30
20200708,ND,26
20200707,ND,24
20200706,ND,22
20200705,ND,22
20200704,ND,22
20200703,ND,20
20200702,ND,19
20200701,ND,20
20200630,ND,25
20200629,ND,25
20200628,ND,24
20200627,ND,23
20200626,ND,23
20200625,ND,25
20200624,ND,27
20200623,ND,28
20200622,ND,31
20200621,ND,31
20200620,ND,28
20200619,ND,26
20200618,ND,26
20200617,ND,25
20200616,ND,26
20200615,ND,31
20200614,ND,35
20200613,ND,35
20200612,ND,35
20200611,ND,32
20200610,ND,33
20200609,ND,32
20200608,ND,29
20200607,ND,28
20200606,ND,29
20200605,ND,30
20200604,ND,32
20200603,ND,34
20200602,ND,34
20200601,ND,35
20200531,ND,36
20200530,ND,34
20200529,ND,36
20200528,ND,35
20200527,ND,40
20200526,ND,40
20200525,ND,41
20200524,ND,40
20200523,ND,39
20200522,ND,39
20200521,ND,39
20200520,ND,38
20200519,ND,32
20200518,ND,32
20200517,ND,30
20200516,ND,33
20200515,ND,35
20200514,ND,38
20200513,ND,37
20200512,ND,38
20200511,ND,34
20200510,ND,29
20200509,ND,34
20200508,ND,33
20200507,ND,35
20200506,ND,32
20200505,ND,31
20200504,ND,31
20200503,ND,31
20200502,ND,32
20200501,ND,27
20200430,ND,30
20200429,ND,28
20200428,ND,25
20200427,ND,23
20200426,ND,18
20200425,ND,17
20200424,ND,17
20200423,ND,18
20200422,ND,23
20200421,ND,17
20200420,ND,17
20200419,ND,15
20200418,ND,13
20200417,ND,16
20200416,ND,14
20200415,ND,13
20200414,ND,13
20200413,ND,13
20200412,ND,12
20200411,ND,10
20200410,ND,13
20200409,ND,14
20200408,ND,16
20200407,ND,18
20200406,ND,19
20200405,ND,20
20200709,NE,97
20200708,NE,102
20200707,NE,109
20200706,NE,101
20200705,NE,109
20200704,NE,111
20200703,NE,121
20200702,NE,117
20200701,NE,120
20200630,NE,121
20200629,NE,117
20200628,NE,123
20200627,NE,125
20200626,NE,126
20200625,NE,131
20200624,NE,125
20200623,NE,135
20200622,NE,141
20200621,NE,140
20200620,NE,141
20200619,NE,149
20200618,NE,156
20200617,NE,156
20200616,NE,160
20200615,NE,160
20200614,NE,156
20200613,NE,157
20200612,NE,164
20200611,NE,175
20200610,NE,181
20200609,NE,176
20200608,NE,166
20200607,NE,167
20200606,NE,181
20200605,NE,190
20200604,NE,211
20200603,NE,194
20200513,NE,192
20200512,NE,192
20200709,NH,22
20200708,NH,24
20200707,NH,25
20200706,NH,25
20200705,NH,25
20200704,NH,25
20200703,NH,31
20200702,NH,32
20200701,NH,37
20200630,NH,34
20200629,NH,34
20200628,NH,35
20200627,NH,32
20200626,NH,32
20200625,NH,49
20200624,NH,51
20200623,NH,54
20200622,NH,55
20200621,NH,55
20200620,NH,61
20200619,NH,56
20200618,NH,56
20200617,NH,62
20200616,NH,69
20200615,NH,69
20200614,NH,70
20200613,NH,76
20200612,NH,73
20200611,NH,81
20200610,NH,80
20200609,NH,78
20200608,NH,86
20200607,NH,84
20200606,NH,84
20200605,NH,86
20200604,NH,88
20200603,NH,97
20200602,NH,98
20200601,NH,96
20200531,NH,107
20200530,NH,105
20200529,NH,110
20200528,NH,105
20200527,NH,91
20200526,NH,91
20200525,NH,92
20200524,NH,93
20200523,NH,93
20200522,NH,97
20200521,NH,103
20200520,NH,105
20200519,NH,109
20200518,NH,114
20200517,NH,115
20200516,NH,110
20200515,NH,115
20200514,NH,126
20200513,NH,121
20200512,NH,117
20200511,NH,113
20200510,NH,107
20200509,NH,112
20200508,NH,113
20200507,NH,113
20200506,NH,115
20200505,NH,111
20200504,NH,103
20200503,NH,103
20200502,NH,103
20200501,NH,112
20200430,NH,107
20200429,NH,106
20200428,NH,99
20200427,NH,101
20200426,NH,95
20200425,NH,89
20200424,NH,92
20200423,NH,91
20200422,NH,94
20200421,NH,78
20200420,NH,79
20200419,NH,85
20200418,NH,86
20200417,NH,74
20200416,NH,70
20200415,NH,70
20200414,NH,72
20200709,NJ,963
20200708,NJ,935
20200707,NJ,903
20200706,NJ,861
20200705,NJ,917
20200704,NJ,983
20200703,NJ,1028
20200702,NJ,1027
20200701,NJ,1080
20200630,NJ,992
20200629,NJ,978
20200628,NJ,1014
20200627,NJ,1103
20200626,NJ,1118
20200625,NJ,1182
20200624,NJ,1196
20200623,NJ,1092
20200622,NJ,1033
20200621,NJ,1105
20200620,NJ,1125
20200619,NJ,1177
20200618,NJ,1258
20200617,NJ,1352
20200616,NJ,1291
20200615,NJ,1342
20200614,NJ,1391
20200613,NJ,1395
20200612,NJ,1480
20200611,NJ,1512
20200610,NJ,1701
20200609,NJ,1736
20200608,NJ,1740
20200607,NJ,1882
20200606,NJ,1933
20200605,NJ,1933
20200604,NJ,1982
20200603,NJ,2250
20200602,NJ,2370
20200601,NJ,2466
20200531,NJ,2497
20200530,NJ,2626
20200529,NJ,2707
20200528,NJ,2797
20200527,NJ,2761
20200526,NJ,2723
20200525,NJ,2755
20200524,NJ,2857
20200523,NJ,2974
20200522,NJ,3049
20200521,NJ,3208
20200520,NJ,3405
20200519,NJ,3481
20200518,NJ,3509
20200517,NJ,3411
20200516,NJ,3564
20200515,NJ,3823
20200514,NJ,3958
20200513,NJ,4226
20200512,NJ,4328
20200511,NJ,4195
20200510,NJ,4308
20200509,NJ,4628
20200508,NJ,4605
20200507,NJ,4996
20200506,NJ,5221
20200505,NJ,5328
20200504,NJ,5287
20200503,NJ,5317
20200502,NJ,5713
20200501,NJ,5972
20200430,NJ,6137
20200429,NJ,6289
20200428,NJ,6476
20200427,NJ,6407
20200426,NJ,6573
20200425,NJ,6722
20200424,NJ,6847
20200423,NJ,7240
20200422,NJ,7210
20200421,NJ,7594
20200420,NJ,6986
20200419,NJ,7494
20200418,NJ,7718
20200417,NJ,8011
20200416,NJ,8224
20200415,NJ,8270
20200414,NJ,8185
20200413,NJ,7781
20200412,NJ,7604
20200411,NJ,7618
20200410,NJ,7570
20200409,NJ,7363
20200408,NJ,7026
20200407,NJ,7017
20200406,NJ,6390
20200405,NJ,4000
20200404,NJ,4000
20200403,NJ,3016
20200402,NJ,2000
20200401,NJ,2000
20200331,NJ,2000
20200330,NJ,2000
20200329,NJ,2000
20200328,NJ,2000
20200327,NJ,2000
20200326,NJ,1080
20200709,NM,154
20200708,NM,133
20200707,NM,129
20200706,NM,119
20200705,NM,121
20200704,NM,130
20200703,NM,127
20200702,NM,127
20200701,NM,127
20200630,NM,119
20200629,NM,114
20200628,NM,122
20200627,NM,128
20200626,NM,135
20200625,NM,149
20200624,NM,141
20200623,NM,139
20200622,NM,134
20200621,NM,134
20200620,NM,147
20200619,NM,157
20200618,NM,161
20200617,NM,156
20200616,NM,161
20200615,NM,162
20200614,NM,172
20200613,NM,179
20200612,NM,179
20200611,NM,197
20200610,NM,193
20200609,NM,183
20200608,NM,177
20200607,NM,176
20200606,NM,175
20200605,NM,170
20200604,NM,170
20200603,NM,182
20200602,NM,191
20200601,NM,182
20200531,NM,189
20200530,NM,193
20200529,NM,196
20200528,NM,210
20200527,NM,211
20200526,NM,216
20200525,NM,213
20200524,NM,208
20200523,NM,206
20200522,NM,205
20200521,NM,206
20200520,NM,204
20200519,NM,213
20200518,NM,211
20200517,NM,208
20200516,NM,223
20200515,NM,209
20200514,NM,200
20200513,NM,199
20200512,NM,207
20200511,NM,194
20200510,NM,198
20200509,NM,201
20200508,NM,197
20200507,NM,193
20200506,NM,178
20200505,NM,181
20200504,NM,164
20200503,NM,168
20200502,NM,159
20200501,NM,172
20200430,NM,163
20200429,NM,157
20200428,NM,155
20200427,NM,148
20200426,NM,152
20200425,NM,152
20200424,NM,123
20200423,NM,121
20200422,NM,119
20200421,NM,116
20200420,NM,103
20200419,NM,92
20200418,NM,96
20200417,NM,90
20200416,NM,90
20200415,NM,87
20200414,NM,87
20200413,NM,80
20200412,NM,78
20200411,NM,75
20200410,NM,73
20200409,NM,59
20200408,NM,51
20200407,NM,48
20200406,NM,45
20200405,NM,37
20200404,NM,41
20200403,NM,31
20200402,NM,31
20200401,NM,24
20200331,NM,22
20200330,NM,22
20200329,NM,19
20200328,NM,17
20200709,NV,935
20200708,NV,876
20200707,NV,849
20200706,NV,748
20200705,NV,760
20200704,NV,749
20200703,NV,704
20200702,NV,662
20200701,NV,630
20200630,NV,593
20200629,NV,555
20200628,NV,511
20200627,NV,503
20200626,NV,471
20200625,NV,467
20200624,NV,439
20200623,NV,389
20200622,NV,373
20200621,NV,370
20200620,NV,370
20200619,NV,370
20200618,NV,357
20200617,NV,360
20200616,NV,349
20200615,NV,346
20200614,NV,332
20200613,NV,351
20200612,NV,328
20200611,NV,337
20200610,NV,359
20200609,NV,350
20200608,NV,339
20200607,NV,348
20200606,NV,348
20200605,NV,341
20200604,NV,364
20200603,NV,372
20200602,NV,365
20200601,NV,361
20200531,NV,336
20200530,NV,371
20200529,NV,371
20200528,NV,439
20200527,NV,435
20200526,NV,390
20200525,NV,380
20200524,NV,373
20200523,NV,402
20200522,NV,404
20200521,NV,410
20200520,NV,437
20200519,NV,405
20200518,NV,423
20200517,NV,423
20200516,NV,423
20200515,NV,425
20200514,NV,515
20200513,NV,522
20200512,NV,522
20200511,NV,482
20200510,NV,444
20200412,NV,282
20200411,NV,282
20200410,NV,282
20200409,NV,282
20200408,NV,282
20200407,NV,282
20200709,NY,851
20200708,NY,841
20200707,NY,836
20200706,NY,817
20200705,NY,832
20200704,NY,844
20200703,NY,857
20200702,NY,878
20200701,NY,879
20200630,NY,891
20200629,NY,853
20200628,NY,869
20200627,NY,908
20200626,NY,951
20200625,NY,996
20200624,NY,1071
20200623,NY,1104
20200622,NY,1122
20200621,NY,1142
20200620,NY,1220
20200619,NY,1284
20200618,NY,1358
20200617,NY,1479
20200616,NY,1538
20200615,NY,1608
20200614,NY,1657
20200613,NY,1734
20200612,NY,1898
20200611,NY,2042
20200610,NY,2190
20200609,NY,2344
20200608,NY,2371
20200607,NY,2427
20200606,NY,2603
20200605,NY,2728
20200604,NY,2849
20200603,NY,2978
20200602,NY,3121
20200601,NY,3331
20200531,NY,3436
20200530,NY,3619
20200529,NY,3781
20200528,NY,4010
20200527,NY,4208
20200526,NY,4265
20200525,NY,4348
20200524,NY,4393
20200523,NY,4642
20200522,NY,4844
20200521,NY,5187
20200520,NY,5570
20200519,NY,5818
20200518,NY,5840
20200517,NY,5897
20200516,NY,6220
20200515,NY,6394
20200514,NY,6706
20200513,NY,6946
20200512,NY,7063
20200511,NY,7226
20200510,NY,7262
20200509,NY,7776
20200508,NY,8196
20200507,NY,8665
20200506,NY,9179
20200505,NY,9600
20200504,NY,9647
20200503,NY,9786
20200502,NY,10350
20200501,NY,10993
20200430,NY,11598
20200429,NY,12159
20200428,NY,12646
20200427,NY,12819
20200426,NY,12839
20200425,NY,13524
20200424,NY,14258
20200423,NY,15021
20200422,NY,15599
20200421,NY,16135
20200420,NY,16103
20200419,NY,16213
20200418,NY,16967
20200417,NY,17316
20200416,NY,17735
20200415,NY,18335
20200414,NY,18697
20200413,NY,18825
20200412,NY,18707
20200411,NY,18654
20200410,NY,18569
20200409,NY,18279
20200408,NY,18079
20200407,NY,17493
20200406,NY,16837
20200405,NY,16479
20200404,NY,15905
20200403,NY,14810
20200402,NY,13383
20200401,NY,12226
20200331,NY,10929
20200330,NY,9517
20200329,NY,8503
20200328,NY,7328
20200327,NY,6481
20200326,NY,5327
20200325,NY,4079
20200324,NY,3343
20200323,NY,2629
20200322,NY,2043
20200321,NY,1436
20200320,NY,1042
20200319,NY,617
20200318,NY,416
20200317,NY,325
20200709,OH,890
20200708,OH,890
20200707,OH,849
20200706,OH,837
20200705,OH,693
20200704,OH,691
20200703,OH,740
20200702,OH,724
20200701,OH,724
20200630,OH,722
20200629,OH,669
20200628,OH,661
20200627,OH,561
20200626,OH,624
20200625,OH,624
20200624,OH,592
20200623,OH,570
20200622,OH,549
20200621,OH,496
20200620,OH,482
20200619,OH,525
20200618,OH,547
20200617,OH,541
20200616,OH,528
20200615,OH,513
20200614,OH,511
20200613,OH,516
20200612,OH,547
20200611,OH,563
20200610,OH,575
20200609,OH,639
20200608,OH,644
20200607,OH,603
20200606,OH,628
20200605,OH,671
20200604,OH,693
20200603,OH,704
20200602,OH,697
20200601,OH,761
20200531,OH,779
20200530,OH,806
20200529,OH,833
20200528,OH,812
20200527,OH,885
20200526,OH,937
20200525,OH,872
20200524,OH,864
20200523,OH,858
20200522,OH,879
20200521,OH,892
20200520,OH,902
20200519,OH,913
20200518,OH,912
20200517,OH,914
20200516,OH,866
20200515,OH,944
20200514,OH,953
20200513,OH,924
20200512,OH,1032
20200511,OH,1011
20200510,OH,962
20200509,OH,929
20200508,OH,1060
20200507,OH,1057
20200506,OH,1045
20200505,OH,1069
20200504,OH,1078
20200503,OH,931
20200502,OH,1003
20200709,OK,453
20200708,OK,458
20200707,OK,426
20200706,OK,391
20200705,OK,391
20200704,OK,391
20200703,OK,391
20200702,OK,368
20200701,OK,374
20200630,OK,315
20200629,OK,329
20200628,OK,329
20200627,OK,329
20200626,OK,308
20200625,OK,277
20200624,OK,268
20200623,OK,265
20200622,OK,197
20200621,OK,197
20200620,OK,197
20200619,OK,211
20200618,OK,197
20200617,OK,181
20200616,OK,172
20200615,OK,149
20200614,OK,149
20200613,OK,154
20200612,OK,154
20200611,OK,153
20200610,OK,150
20200609,OK,148
20200608,OK,158
20200607,OK,158
20200606,OK,158
20200605,OK,164
20200604,OK,148
20200603,OK,136
20200602,OK,124
20200601,OK,154
20200531,OK,154
20200530,OK,154
20200529,OK,160
20200528,OK,181
20200527,OK,156
20200526,OK,174
20200524,OK,174
20200523,OK,174
20200522,OK,190
20200521,OK,201
20200520,OK,209
20200519,OK,167
20200518,OK,76
20200517,OK,180
20200516,OK,180
20200515,OK,215
20200514,OK,217
20200513,OK,218
20200512,OK,190
20200511,OK,177
20200510,OK,177
20200509,OK,177
20200508,OK,228
20200507,OK,223
20200506,OK,230
20200505,OK,236
20200504,OK,236
20200503,OK,236
20200502,OK,236
20200501,OK,255
20200430,OK,291
20200429,OK,283
20200428,OK,288
20200427,OK,306
20200426,OK,306
20200425,OK,306
20200424,OK,310
20200423,OK,284
20200422,OK,298
20200421,OK,346
20200420,OK,307
20200419,OK,307
20200418,OK,307
20200417,OK,325
20200416,OK,236
20200415,OK,194
20200414,OK,194
20200413,OK,383
20200412,OK,383
20200411,OK,383
20200410,OK,186
20200409,OK,188
20200408,OK,188
20200407,OK,186
20200406,OK,161
20200403,OK,171
20200402,OK,182
20200401,OK,174
20200709,OR,192
20200708,OR,188
20200707,OR,191
20200706,OR,183
20200705,OR,173
20200704,OR,173
20200703,OR,173
20200702,OR,173
20200701,OR,192
20200630,OR,149
20200629,OR,151
20200628,OR,149
20200627,OR,149
20200626,OR,149
20200625,OR,189
20200624,OR,185
20200623,OR,184
20200622,OR,145
20200621,OR,154
20200620,OR,154
20200619,OR,154
20200618,OR,141
20200617,OR,158
20200616,OR,141
20200615,OR,133
20200614,OR,133
20200613,OR,133
20200612,OR,133
20200611,OR,130
20200610,OR,136
20200609,OR,145
20200608,OR,137
20200607,OR,121
20200606,OR,121
20200605,OR,121
20200604,OR,124
20200603,OR,112
20200602,OR,102
20200601,OR,108
20200531,OR,117
20200530,OR,131
20200529,OR,155
20200528,OR,149
20200527,OR,146
20200526,OR,149
20200525,OR,125
20200524,OR,117
20200523,OR,102
20200522,OR,146
20200521,OR,140
20200520,OR,152
20200519,OR,137
20200518,OR,137
20200517,OR,156
20200516,OR,153
20200515,OR,161
20200514,OR,163
20200513,OR,162
20200512,OR,165
20200511,OR,164
20200510,OR,164
20200509,OR,139
20200508,OR,159
20200507,OR,171
20200506,OR,191
20200505,OR,219
20200504,OR,207
20200503,OR,205
20200502,OR,209
20200501,OR,208
20200430,OR,243
20200429,OR,227
20200428,OR,249
20200427,OR,249
20200426,OR,249
20200425,OR,261
20200424,OR,258
20200423,OR,304
20200422,OR,302
20200421,OR,297
20200420,OR,303
20200419,OR,290
20200418,OR,290
20200417,OR,301
20200416,OR,307
20200415,OR,305
20200414,OR,311
20200413,OR,321
20200412,OR,295
20200411,OR,140
20200410,OR,146
20200409,OR,146
20200408,OR,156
20200403,OR,188
20200402,OR,134
20200401,OR,132
20200331,OR,132
20200330,OR,132
20200329,OR,107
20200328,OR,107
20200327,OR,91
20200709,PA,650
20200708,PA,649
20200707,PA,637
20200706,PA,598
20200705,PA,592
20200704,PA,589
20200703,PA,598
20200702,PA,631
20200701,PA,632
20200630,PA,634
20200629,PA,635
20200628,PA,648
20200627,PA,651
20200626,PA,661
20200625,PA,704
20200624,PA,707
20200623,PA,738
20200622,PA,745
20200621,PA,735
20200620,PA,715
20200619,PA,731
20200618,PA,740
20200617,PA,788
20200616,PA,800
20200615,PA,851
20200614,PA,852
20200613,PA,875
20200612,PA,899
20200611,PA,946
20200610,PA,992
20200609,PA,1032
20200608,PA,1174
20200607,PA,1174
20200606,PA,1174
20200605,PA,1174
20200604,PA,1174
20200603,PA,1164
20200602,PA,1302
20200601,PA,1302
20200531,PA,1352
20200530,PA,1352
20200529,PA,1445
20200528,PA,1476
20200527,PA,1493
20200526,PA,1493
20200525,PA,1628
20200524,PA,1533
20200523,PA,1560
20200522,PA,1580
20200521,PA,1654
20200520,PA,1818
20200519,PA,1861
20200518,PA,1885
20200517,PA,1821
20200516,PA,1873
20200515,PA,1934
20200514,PA,1983
20200513,PA,2012
20200512,PA,2187
20200511,PA,2176
20200510,PA,2230
20200509,PA,2285
20200508,PA,2342
20200507,PA,2420
20200506,PA,2545
20200505,PA,2580
20200504,PA,2708
20200503,PA,2645
20200502,PA,2673
20200501,PA,2683
20200430,PA,2707
20200429,PA,2781
20200428,PA,2781
20200427,PA,2800
20200426,PA,2736
20200425,PA,2748
20200424,PA,2746
20200423,PA,2750
20200422,PA,2764
20200421,PA,2743
20200420,PA,2701
20200419,PA,2634
20200418,PA,2613
20200417,PA,2603
20200416,PA,2512
20200415,PA,2395
20200414,PA,2317
20200413,PA,2243
20200412,PA,2097
20200411,PA,2115
20200410,PA,2072
20200409,PA,2051
20200408,PA,1898
20200407,PA,1665
20200709,RI,55
20200708,RI,56
20200707,RI,55
20200706,RI,61
20200705,RI,61
20200704,RI,61
20200703,RI,61
20200702,RI,67
20200701,RI,69
20200630,RI,74
20200629,RI,73
20200628,RI,91
20200627,RI,91
20200626,RI,91
20200625,RI,103
20200624,RI,104
20200623,RI,105
20200622,RI,106
20200621,RI,123
20200620,RI,123
20200619,RI,123
20200618,RI,126
20200617,RI,126
20200616,RI,129
20200615,RI,127
20200614,RI,141
20200613,RI,141
20200612,RI,141
20200611,RI,146
20200610,RI,148
20200609,RI,144
20200608,RI,146
20200607,RI,182
20200606,RI,182
20200605,RI,182
20200604,RI,185
20200603,RI,189
20200602,RI,188
20200601,RI,195
20200531,RI,206
20200530,RI,219
20200529,RI,219
20200528,RI,222
20200527,RI,218
20200526,RI,226
20200525,RI,240
20200524,RI,240
20200523,RI,233
20200522,RI,242
20200521,RI,254
20200520,RI,257
20200519,RI,247
20200518,RI,236
20200517,RI,260
20200516,RI,273
20200515,RI,272
20200514,RI,271
20200513,RI,269
20200512,RI,277
20200511,RI,276
20200510,RI,283
20200509,RI,292
20200508,RI,312
20200507,RI,318
20200506,RI,324
20200505,RI,327
20200504,RI,339
20200503,RI,330
20200502,RI,333
20200501,RI,352
20200430,RI,339
20200429,RI,269
20200428,RI,266
20200427,RI,266
20200426,RI,258
20200425,RI,263
20200424,RI,267
20200423,RI,316
20200422,RI,314
20200421,RI,309
20200420,RI,297
20200419,RI,298
20200418,RI,293
20200417,RI,252
20200416,RI,245
20200415,RI,229
20200414,RI,213
20200413,RI,197
20200412,RI,201
20200411,RI,183
20200410,RI,169
20200409,RI,160
20200408,RI,143
20200407,RI,123
20200406,RI,109
20200405,RI,103
20200404,RI,93
20200403,RI,77
20200402,RI,72
20200401,RI,60
20200331,RI,59
20200330,RI,41
20200329,RI,35
20200328,RI,29
20200327,RI,28
20200326,RI,23
20200325,RI,15
20200709,SC,1433
20200708,SC,1404
20200707,SC,1324
20200706,SC,1260
20200705,SC,1251
20200704,SC,1190
20200703,SC,1148
20200702,SC,1125
20200701,SC,1160
20200630,SC,1021
20200629,SC,1032
20200628,SC,954
20200627,SC,908
20200626,SC,906
20200625,SC,881
20200624,SC,832
20200623,SC,824
20200622,SC,731
20200621,SC,692
20200620,SC,673
20200619,SC,660
20200618,SC,626
20200617,SC,607
20200616,SC,571
20200615,SC,536
20200614,SC,521
20200613,SC,523
20200612,SC,512
20200611,SC,494
20200610,SC,513
20200609,SC,541
20200608,SC,507
20200607,SC,477
20200606,SC,453
20200605,SC,453
20200604,SC,453
20200603,SC,433
20200602,SC,425
20200601,SC,450
20200531,SC,402
20200530,SC,387
20200529,SC,399
20200528,SC,397
20200527,SC,398
20200526,SC,433
20200525,SC,407
20200524,SC,461
20200523,SC,430
20200522,SC,429
20200521,SC,414
20200709,SD,61
20200708,SD,54
20200707,SD,64
20200706,SD,59
20200705,SD,59
20200704,SD,54
20200703,SD,58
20200702,SD,64
20200701,SD,65
20200630,SD,62
20200629,SD,70
20200628,SD,75
20200627,SD,73
20200626,SD,79
20200625,SD,79
20200624,SD,81
20200623,SD,85
20200622,SD,88
20200621,SD,89
20200620,SD,91
20200619,SD,95
20200618,SD,93
20200617,SD,91
20200616,SD,92
20200615,SD,93
20200614,SD,87
20200613,SD,85
20200612,SD,87
20200611,SD,87
20200610,SD,101
20200609,SD,90
20200608,SD,92
20200607,SD,87
20200606,SD,93
20200605,SD,83
20200604,SD,86
20200603,SD,87
20200602,SD,89
20200601,SD,87
20200531,SD,86
20200530,SD,93
20200529,SD,95
20200528,SD,105
20200527,SD,101
20200526,SD,106
20200525,SD,99
20200524,SD,85
20200523,SD,90
20200522,SD,83
20200521,SD,91
20200520,SD,81
20200519,SD,75
20200518,SD,77
20200517,SD,77
20200516,SD,75
20200515,SD,80
20200514,SD,85
20200513,SD,79
20200512,SD,74
20200511,SD,78
20200510,SD,77
20200509,SD,79
20200508,SD,76
20200507,SD,70
20200506,SD,72
20200505,SD,75
20200504,SD,69
20200503,SD,71
20200502,SD,71
20200501,SD,69
20200430,SD,76
20200429,SD,69
20200428,SD,69
20200427,SD,61
20200426,SD,64
20200425,SD,61
20200424,SD,61
20200423,SD,58
20200422,SD,62
20200421,SD,65
20200709,TN,1135
20200708,TN,1160
20200707,TN,1112
20200706,TN,940
20200705,TN,949
20200704,TN,949
20200703,TN,949
20200702,TN,949
20200701,TN,955
20200630,TN,886
20200629,TN,839
20200628,TN,800
20200627,TN,705
20200626,TN,741
20200625,TN,741
20200624,TN,696
20200623,TN,721
20200622,TN,664
20200621,TN,605
20200620,TN,588
20200619,TN,635
20200618,TN,617
20200617,TN,632
20200616,TN,621
20200615,TN,642
20200614,TN,588
20200613,TN,583
20200612,TN,608
20200611,TN,606
20200610,TN,624
20200609,TN,587
20200608,TN,617
20200607,TN,561
20200606,TN,535
20200605,TN,505
20200604,TN,547
20200603,TN,548
20200602,TN,565
20200601,TN,504
20200531,TN,463
20200530,TN,516
20200529,TN,507
20200528,TN,545
20200527,TN,501
20200526,TN,582
20200525,TN,517
20200524,TN,526
20200523,TN,478
20200522,TN,570
20200521,TN,601
20200520,TN,652
20200519,TN,615
20200518,TN,638
20200517,TN,513
20200516,TN,515
20200515,TN,535
20200514,TN,599
20200513,TN,635
20200512,TN,591
20200511,TN,581
20200510,TN,484
20200509,TN,509
20200508,TN,550
20200507,TN,558
20200506,TN,557
20200505,TN,520
20200504,TN,499
20200503,TN,510
20200502,TN,474
20200501,TN,529
20200430,TN,605
20200429,TN,614
20200428,TN,611
20200427,TN,618
20200426,TN,568
20200425,TN,510
20200424,TN,593
20200423,TN,488
20200422,TN,441
20200421,TN,523
20200420,TN,505
20200419,TN,393
20200418,TN,593
20200417,TN,465
20200416,TN,444
20200415,TN,412
20200414,TN,443
20200413,TN,458
20200412,TN,324
20200411,TN,411
20200410,TN,561
20200409,TN,639
20200408,TN,708
20200407,TN,802
20200406,TN,834
20200405,TN,637
20200404,TN,601
20200403,TN,625
20200402,TN,656
20200401,TN,486
20200331,TN,9
20200709,TX,9689
20200708,TX,9610
20200707,TX,9286
20200706,TX,8698
20200705,TX,8181
20200704,TX,7890
20200703,TX,7652
20200702,TX,7382
20200701,TX,6904
20200630,TX,6533
20200629,TX,5913
20200628,TX,5497
20200627,TX,5523
20200626,TX,5102
20200625,TX,4739
20200624,TX,4389
20200623,TX,4092
20200622,TX,3711
20200621,TX,3409
20200620,TX,3247
20200619,TX,3148
20200618,TX,2947
20200617,TX,2793
20200616,TX,2518
20200615,TX,2326
20200614,TX,2287
20200613,TX,2242
20200612,TX,2166
20200611,TX,2008
20200610,TX,2153
20200609,TX,2056
20200608,TX,1935
20200607,TX,1878
20200606,TX,1822
20200605,TX,1855
20200604,TX,1796
20200603,TX,1487
20200602,TX,1773
20200601,TX,1756
20200531,TX,1684
20200530,TX,1752
20200529,TX,1701
20200528,TX,1692
20200527,TX,1645
20200526,TX,1534
20200525,TX,1511
20200524,TX,1572
20200523,TX,1688
20200522,TX,1578
20200521,TX,1680
20200520,TX,1791
20200519,TX,1732
20200518,TX,1551
20200517,TX,1512
20200516,TX,1791
20200515,TX,1716
20200514,TX,1648
20200513,TX,1676
20200512,TX,1725
20200511,TX,1525
20200510,TX,1626
20200509,TX,1735
20200508,TX,1734
20200507,TX,1750
20200506,TX,1812
20200505,TX,1888
20200504,TX,1533
20200503,TX,1540
20200502,TX,1725
20200501,TX,1778
20200430,TX,1686
20200429,TX,1702
20200428,TX,1682
20200427,TX,1563
20200426,TX,1542
20200425,TX,1597
20200424,TX,1674
20200423,TX,1649
20200422,TX,1678
20200421,TX,1419
20200420,TX,1411
20200419,TX,1471
20200418,TX,1321
20200417,TX,1522
20200416,TX,1459
20200415,TX,1538
20200414,TX,1409
20200413,TX,1176
20200412,TX,1338
20200411,TX,1514
20200410,TX,1532
20200409,TX,1439
20200408,TX,1491
20200407,TX,1252
20200406,TX,1153
20200405,TX,827
20200404,TX,196
20200403,TX,196
20200402,TX,196
20200401,TX,196
20200331,TX,196
20200709,UT,207
20200708,UT,236
20200707,UT,248
20200706,UT,244
20200705,UT,237
20200704,UT,255
20200703,UT,232
20200702,UT,229
20200701,UT,261
20200630,UT,250
20200629,UT,254
20200628,UT,289
20200627,UT,287
20200626,UT,238
20200625,UT,230
20200624,UT,245
20200623,UT,214
20200622,UT,198
20200621,UT,222
20200620,UT,232
20200619,UT,237
20200618,UT,282
20200617,UT,270
20200616,UT,271
20200615,UT,184
20200614,UT,178
20200613,UT,236
20200612,UT,197
20200611,UT,188
20200610,UT,223
20200609,UT,230
20200608,UT,182
20200607,UT,207
20200606,UT,147
20200605,UT,133
20200604,UT,164
20200603,UT,150
20200602,UT,159
20200601,UT,134
20200531,UT,142
20200530,UT,139
20200529,UT,135
20200528,UT,169
20200527,UT,127
20200526,UT,134
20200525,UT,131
20200524,UT,128
20200523,UT,165
20200522,UT,163
20200521,UT,169
20200520,UT,144
20200519,UT,96
20200518,UT,179
20200517,UT,181
20200516,UT,168
20200515,UT,161
20200514,UT,142
20200513,UT,158
20200512,UT,166
20200511,UT,160
20200510,UT,144
20200509,UT,172
20200508,UT,216
20200507,UT,194
20200709,VA,956
20200708,VA,971
20200707,VA,902
20200706,VA,783
20200705,VA,792
20200704,VA,808
20200703,VA,818
20200702,VA,888
20200701,VA,892
20200630,VA,902
20200629,VA,796
20200628,VA,818
20200627,VA,819
20200626,VA,854
20200625,VA,854
20200624,VA,886
20200623,VA,847
20200622,VA,848
20200621,VA,863
20200620,VA,880
20200619,VA,862
20200618,VA,857
20200617,VA,938
20200616,VA,904
20200615,VA,902
20200614,VA,958
20200613,VA,959
20200612,VA,1026
20200611,VA,1069
20200610,VA,1155
20200609,VA,1169
20200608,VA,1173
20200607,VA,1186
20200606,VA,1171
20200605,VA,1205
20200604,VA,1266
20200603,VA,1311
20200602,VA,1362
20200601,VA,1371
20200531,VA,1458
20200530,VA,1471
20200529,VA,1524
20200528,VA,1502
20200527,VA,1459
20200526,VA,1403
20200525,VA,1376
20200524,VA,1351
20200523,VA,1384
20200522,VA,1459
20200521,VA,1491
20200520,VA,1536
20200519,VA,1497
20200518,VA,1502
20200517,VA,1524
20200516,VA,1505
20200515,VA,1511
20200514,VA,1533
20200513,VA,1526
20200512,VA,1529
20200511,VA,1504
20200510,VA,1555
20200509,VA,1593
20200508,VA,1625
20200507,VA,1613
20200506,VA,1496
20200505,VA,1496
20200504,VA,1463
20200503,VA,1413
20200502,VA,1426
20200501,VA,1431
20200430,VA,1550
20200429,VA,1566
20200428,VA,1508
20200427,VA,1455
20200426,VA,1436
20200425,VA,1405
20200424,VA,1399
20200423,VA,1379
20200422,VA,1374
20200421,VA,1331
20200420,VA,1296
20200419,VA,1319
20200418,VA,1307
20200417,VA,1308
20200416,VA,1337
20200415,VA,1298
20200414,VA,1282
20200413,VA,1238
20200412,VA,751
20200411,VA,1252
20200410,VA,1238
20200409,VA,669
20200402,VA,246
20200709,VT,15
20200708,VT,14
20200707,VT,13
20200706,VT,24
20200705,VT,15
20200704,VT,16
20200703,VT,16
20200702,VT,21
20200701,VT,17
20200630,VT,16
20200629,VT,13
20200628,VT,15
20200627,VT,14
20200626,VT,14
20200625,VT,15
20200624,VT,13
20200623,VT,19
20200622,VT,8
20200621,VT,11
20200620,VT,9
20200619,VT,8
20200618,VT,11
20200617,VT,5
20200616,VT,12
20200615,VT,16
20200614,VT,26
20200613,VT,11
20200612,VT,16
20200611,VT,12
20200610,VT,11
20200609,VT,16
20200608,VT,13
20200607,VT,14
20200606,VT,16
20200605,VT,14
20200604,VT,13
20200603,VT,10
20200602,VT,10
20200601,VT,16
20200531,VT,18
20200530,VT,17
20200529,VT,14
20200528,VT,17
20200527,VT,21
20200526,VT,25
20200525,VT,19
20200524,VT,25
20200523,VT,21
20200522,VT,16
20200521,VT,14
20200520,VT,15
20200519,VT,24
20200518,VT,22
20200517,VT,14
20200516,VT,20
20200515,VT,17
20200514,VT,18
20200513,VT,17
20200512,VT,18
20200511,VT,14
20200510,VT,21
20200509,VT,21
20200508,VT,15
20200507,VT,14
20200506,VT,26
20200505,VT,33
20200504,VT,15
20200503,VT,19
20200502,VT,11
20200501,VT,19
20200430,VT,23
20200429,VT,26
20200428,VT,29
20200427,VT,33
20200426,VT,34
20200425,VT,37
20200424,VT,32
20200423,VT,44
20200422,VT,37
20200421,VT,41
20200420,VT,49
20200419,VT,53
20200418,VT,56
20200417,VT,32
20200416,VT,58
20200415,VT,63
20200414,VT,64
20200413,VT,33
20200412,VT,34
20200411,VT,77
20200410,VT,32
20200409,VT,33
20200408,VT,35
20200407,VT,29
20200406,VT,28
20200405,VT,29
20200404,VT,29
20200403,VT,29
20200402,VT,29
20200401,VT,30
20200331,VT,21
20200709,WA,329
20200708,WA,318
20200707,WA,222
20200706,WA,248
20200705,WA,305
20200704,WA,315
20200703,WA,334
20200702,WA,311
20200701,WA,288
20200630,WA,282
20200629,WA,270
20200628,WA,304
20200627,WA,305
20200626,WA,272
20200625,WA,304
20200624,WA,234
20200623,WA,204
20200622,WA,205
20200621,WA,267
20200620,WA,245
20200619,WA,276
20200618,WA,263
20200617,WA,256
20200616,WA,235
20200615,WA,197
20200614,WA,229
20200613,WA,225
20200612,WA,226
20200611,WA,226
20200610,WA,238
20200609,WA,205
20200608,WA,213
20200607,WA,205
20200606,WA,247
20200605,WA,285
20200604,WA,272
20200603,WA,263
20200602,WA,232
20200601,WA,245
20200531,WA,266
20200530,WA,319
20200529,WA,317
20200528,WA,325
20200527,WA,241
20200526,WA,267
20200525,WA,207
20200524,WA,313
20200523,WA,332
20200522,WA,332
20200521,WA,242
20200520,WA,168
20200519,WA,168
20200518,WA,168
20200517,WA,168
20200516,WA,331
20200515,WA,374
20200514,WA,365
20200513,WA,384
20200512,WA,321
20200511,WA,350
20200510,WA,335
20200509,WA,393
20200508,WA,393
20200507,WA,358
20200506,WA,390
20200505,WA,292
20200504,WA,263
20200503,WA,411
20200502,WA,428
20200501,WA,470
20200430,WA,474
20200429,WA,490
20200428,WA,436
20200427,WA,536
20200426,WA,508
20200425,WA,455
20200424,WA,551
20200423,WA,544
20200422,WA,543
20200421,WA,503
20200420,WA,403
20200419,WA,586
20200418,WA,518
20200417,WA,622
20200416,WA,595
20200415,WA,645
20200414,WA,387
20200413,WA,527
20200412,WA,642
20200411,WA,649
20200410,WA,642
20200409,WA,650
20200408,WA,655
20200407,WA,641
20200406,WA,638
20200405,WA,581
20200404,WA,574
20200709,WI,285
20200708,WI,276
20200707,WI,254
20200706,WI,254
20200705,WI,244
20200704,WI,235
20200703,WI,244
20200702,WI,236
20200701,WI,237
20200630,WI,242
20200629,WI,237
20200628,WI,239
20200627,WI,249
20200626,WI,262
20200625,WI,249
20200624,WI,239
20200623,WI,240
20200622,WI,246
20200621,WI,242
20200620,WI,239
20200619,WI,240
20200618,WI,240
20200617,WI,244
20200616,WI,275
20200615,WI,284
20200614,WI,289
20200613,WI,285
20200612,WI,287
20200611,WI,306
20200610,WI,328
20200609,WI,505
20200608,WI,528
20200607,WI,491
20200606,WI,492
20200605,WI,526
20200604,WI,551
20200603,WI,556
20200602,WI,597
20200601,WI,613
20200531,WI,625
20200530,WI,617
20200529,WI,658
20200528,WI,659
20200527,WI,748
20200526,WI,640
20200525,WI,606
20200524,WI,611
20200523,WI,611
20200522,WI,583
20200521,WI,524
20200520,WI,609
20200519,WI,609
20200518,WI,574
20200517,WI,543
20200516,WI,546
20200515,WI,548
20200514,WI,507
20200513,WI,527
20200512,WI,520
20200511,WI,520
20200510,WI,514
20200509,WI,543
20200508,WI,552
20200507,WI,624
20200506,WI,511
20200505,WI,543
20200504,WI,573
20200503,WI,582
20200502,WI,582
20200501,WI,560
20200430,WI,554
20200429,WI,577
20200428,WI,544
20200427,WI,337
20200426,WI,337
20200425,WI,337
20200424,WI,361
20200423,WI,349
20200422,WI,355
20200421,WI,358
20200420,WI,406
20200419,WI,397
20200418,WI,361
20200417,WI,361
20200416,WI,394
20200415,WI,406
20200414,WI,432
20200413,WI,442
20200412,WI,442
20200411,WI,444
20200709,WV,50
20200708,WV,48
20200707,WV,41
20200706,WV,41
20200705,WV,27
20200704,WV,25
20200703,WV,25
20200702,WV,23
20200701,WV,23
20200630,WV,27
20200629,WV,28
20200628,WV,32
20200627,WV,33
20200626,WV,33
20200625,WV,24
20200624,WV,24
20200623,WV,21
20200622,WV,21
20200621,WV,23
20200620,WV,22
20200619,WV,22
20200618,WV,25
20200617,WV,23
20200616,WV,24
20200615,WV,25
20200614,WV,30
20200613,WV,29
20200612,WV,29
20200611,WV,38
20200610,WV,24
20200609,WV,24
20200608,WV,24
20200607,WV,28
20200606,WV,27
20200605,WV,27
20200604,WV,28
20200603,WV,34
20200602,WV,31
20200601,WV,31
20200531,WV,33
20200530,WV,33
20200529,WV,33
20200528,WV,35
20200527,WV,36
20200526,WV,35
20200525,WV,36
20200524,WV,23
20200523,WV,39
20200522,WV,47
20200521,WV,46
20200520,WV,58
20200519,WV,54
20200518,WV,48
20200517,WV,48
20200516,WV,55
20200515,WV,57
20200514,WV,52
20200513,WV,58
20200512,WV,50
20200511,WV,49
20200510,WV,49
20200509,WV,53
20200508,WV,65
20200507,WV,76
20200506,WV,76
20200505,WV,64
20200504,WV,73
20200503,WV,73
20200502,WV,76
20200501,WV,81
20200430,WV,84
20200429,WV,102
20200428,WV,87
20200427,WV,100
20200426,WV,100
20200425,WV,97
20200424,WV,97
20200423,WV,108
20200422,WV,103
20200421,WV,85
20200420,WV,77
20200419,WV,72
20200418,WV,83
20200417,WV,85
20200416,WV,85
20200415,WV,82
20200414,WV,87
20200413,WV,95
20200412,WV,81
20200411,WV,85
20200410,WV,85
20200709,WY,12
20200708,WY,13
20200707,WY,10
20200706,WY,9
20200705,WY,8
20200704,WY,8
20200703,WY,8
20200702,WY,9
20200701,WY,9
20200630,WY,6
20200629,WY,7
20200628,WY,5
20200627,WY,5
20200626,WY,5
20200625,WY,7
20200624,WY,7
20200623,WY,8
20200622,WY,8
20200621,WY,8
20200620,WY,8
20200619,WY,8
20200618,WY,8
20200617,WY,7
20200616,WY,7
20200615,WY,4
20200614,WY,5
20200613,WY,5
20200612,WY,5
20200611,WY,7
20200610,WY,8
20200609,WY,8
20200608,WY,7
20200607,WY,4
20200606,WY,4
20200605,WY,4
20200604,WY,4
20200603,WY,4
20200602,WY,7
20200601,WY,8
20200531,WY,13
20200530,WY,13
20200529,WY,13
20200528,WY,15
20200527,WY,12
20200526,WY,14
20200525,WY,10
20200524,WY,10
20200523,WY,10
20200522,WY,10
20200521,WY,8
20200520,WY,9
20200519,WY,8
20200518,WY,8
20200517,WY,8
20200516,WY,8
20200515,WY,8
20200514,WY,8
20200513,WY,10
20200512,WY,10
20200511,WY,12
20200510,WY,12
20200509,WY,12
20200508,WY,9
20200507,WY,11
20200506,WY,11
20200505,WY,13
20200504,WY,13
20200503,WY,13
20200502,WY,13
20200501,WY,13
20200430,WY,13
20200429,WY,12
20200428,WY,16
20200427,WY,16
20200426,WY,16
20200425,WY,16
20200424,WY,16
20200422,WY,19
20200421,WY,19
20200420,WY,19
20200419,WY,19
20200418,WY,19
20200417,WY,19
20200416,WY,19
